作者规范,作者,样本规模标记,total_poem_count,total_line_count,稳健密度样本,大样本密度样本,candidate_line_count,候选句密度_每千句,matched_poem_count,候选诗密度_每百首,line_p90_count,句级p90互文密度_每千句,line_p95_count,句级p95互文密度_每千句,line_ge08_count,句级0.8互文密度_每千句,poem_p90_count,诗级p90互文密度_每百首,poem_p95_count,诗级p95互文密度_每百首,poem_ge08_count,诗级0.8互文密度_每百首,候选句转p90率,候选句转p95率,候选诗转p90率,候选诗转p95率,line_best_mean,line_best_median,line_best_max,poem_best_mean,poem_best_median,poem_best_max,句级p90密度排名_全体,句级p90密度排名_稳健,句级p95密度排名_稳健,诗级p90密度排名_稳健
佚名,佚名,大样本,840,4653,True,True,166,35.675908016333544,139,16.547619047619047,44,9.456264775413711,31,6.662368364496023,25,5.372877713303246,33,3.9285714285714284,22,2.619047619047619,21,2.5,0.26506024096385544,0.18674698795180722,0.23741007194244604,0.15827338129496402,0.7029852108433735,0.681746,0.977369,0.7043472446043165,0.681895,0.977369,99.0,18.0,13.0,46.0
元结,元结,大样本,91,1486,True,True,75,50.47106325706595,51,56.043956043956044,12,8.075370121130552,6,4.037685060565276,0,0.0,7,7.6923076923076925,5,5.4945054945054945,0,0.0,0.16,0.08,0.13725490196078433,0.09803921568627451,0.6960445866666667,0.699834,0.798462,0.7017596862745098,0.71604,0.798462,105.0,22.0,28.0,16.0
不详,不详,大样本,224,907,True,True,41,45.20396912899669,35,15.625,7,7.717750826901874,3,3.3076074972436604,0,0.0,5,2.232142857142857,2,0.8928571428571428,0,0.0,0.17073170731707318,0.07317073170731707,0.14285714285714285,0.05714285714285714,0.6748773658536585,0.665293,0.788483,0.6825011428571429,0.670586,0.788483,108.0,24.0,37.0,90.0
卢照邻,卢照邻,大样本,109,1445,True,True,61,42.21453287197232,30,27.522935779816514,11,7.612456747404845,5,3.4602076124567476,1,0.6920415224913494,5,4.587155963302752,1,0.9174311926605505,1,0.9174311926605505,0.18032786885245902,0.08196721311475409,0.16666666666666666,0.03333333333333333,0.6748624590163934,0.682027,0.84867,0.6934274666666667,0.695487,0.84867,110.0,26.0,35.0,38.0
卢仝,卢仝,大样本,92,1740,True,True,113,64.94252873563218,44,47.82608695652174,13,7.471264367816092,9,5.172413793103448,8,4.597701149425287,11,11.956521739130435,8,8.695652173913043,8,8.695652173913043,0.11504424778761062,0.07964601769911504,0.25,0.18181818181818182,0.6667539911504424,0.657933,0.876619,0.7045770681818181,0.6914184999999999,0.876619,111.0,27.0,19.0,7.0
顾况,顾况,大样本,235,2441,True,True,110,45.06349856616141,68,28.936170212765955,18,7.37402703809914,9,3.68701351904957,5,2.048340843916428,9,3.829787234042553,5,2.127659574468085,4,1.702127659574468,0.16363636363636364,0.08181818181818182,0.1323529411764706,0.07352941176470588,0.6691437363636364,0.661813,0.869718,0.6819610882352941,0.66593,0.869718,112.0,28.0,32.0,50.0
周昙,周昙,大样本,195,780,True,True,38,48.717948717948715,36,18.461538461538463,5,6.41025641025641,3,3.8461538461538463,1,1.2820512820512822,4,2.051282051282051,2,1.0256410256410255,1,0.5128205128205128,0.13157894736842105,0.07894736842105263,0.1111111111111111,0.05555555555555555,0.675601052631579,0.676674,0.815338,0.6765279166666667,0.6772655000000001,0.815338,119.0,34.0,30.0,94.0
张九龄,张九龄,大样本,193,2828,True,True,66,23.33804809052334,49,25.38860103626943,15,5.3041018387553045,12,4.243281471004243,9,3.1824611032531824,14,7.253886010362693,12,6.217616580310881,9,4.66321243523316,0.22727272727272727,0.18181818181818182,0.2857142857142857,0.24489795918367346,0.7026151818181818,0.685743,0.972149,0.7145507959183673,0.687619,0.972149,129.0,41.0,26.0,18.0
李隆基,李隆基,大样本,65,757,True,True,20,26.42007926023778,14,21.53846153846154,4,5.284015852047556,1,1.321003963011889,1,1.321003963011889,4,6.153846153846154,1,1.5384615384615385,1,1.5384615384615385,0.2,0.05,0.2857142857142857,0.07142857142857142,0.67072705,0.6685350000000001,0.812973,0.6808927142857143,0.6855005000000001,0.812973,130.0,42.0,72.0,28.0
吴筠,吴筠,大样本,77,1398,True,True,38,27.181688125894134,24,31.16883116883117,7,5.007153075822604,3,2.1459227467811157,3,2.1459227467811157,5,6.493506493506493,3,3.896103896103896,3,3.896103896103896,0.18421052631578946,0.07894736842105263,0.20833333333333334,0.125,0.699882947368421,0.6949775,0.915111,0.7113790833333334,0.6949775,0.915111,132.0,44.0,53.0,25.0
白居易,白居易,大样本,2643,33303,True,True,1369,41.10740774104435,785,29.701097237987135,161,4.834399303366062,67,2.0118307659970576,30,0.9008197459688316,107,4.048429814604615,44,1.6647748770336739,29,1.0972379871358307,0.11760409057706354,0.04894083272461651,0.13630573248407643,0.05605095541401274,0.6672860796201607,0.665314,0.925862,0.6782619694267517,0.676668,0.925862,135.0,46.0,58.0,44.0
高適,高適,大样本,208,3550,True,True,127,35.774647887323944,83,39.90384615384615,17,4.788732394366197,10,2.8169014084507045,8,2.2535211267605635,13,6.25,8,3.8461538461538463,7,3.3653846153846154,0.13385826771653545,0.07874015748031496,0.1566265060240964,0.0963855421686747,0.6715985433070866,0.66865,0.893403,0.6853130843373494,0.676804,0.893403,137.0,48.0,42.0,26.0
李白,李白,大样本,896,15477,True,True,602,38.89642695612845,340,37.94642857142857,71,4.587452348646379,37,2.3906441816889576,20,1.2922400982102475,53,5.915178571428571,29,3.2366071428571432,20,2.232142857142857,0.11794019933554817,0.061461794019933555,0.15588235294117647,0.08529411764705883,0.6674915016611296,0.6652155,0.858565,0.6864913235294118,0.6821025000000001,0.858565,142.0,53.0,47.0,29.0
贯休,贯休,大样本,553,7120,True,True,272,38.20224719101124,167,30.198915009041592,32,4.49438202247191,21,2.949438202247191,7,0.9831460674157304,25,4.520795660036167,15,2.7124773960216997,7,1.2658227848101267,0.11764705882352941,0.07720588235294118,0.1497005988023952,0.08982035928143713,0.6668738676470588,0.6625115,0.888025,0.6818553832335329,0.669026,0.888025,144.0,55.0,40.0,41.0
王维,王维,大样本,328,3604,True,True,120,33.29633740288568,92,28.04878048780488,16,4.439511653718091,3,0.832408435072142,2,0.5549389567147613,10,3.048780487804878,2,0.6097560975609756,2,0.6097560975609756,0.13333333333333333,0.025,0.10869565217391304,0.021739130434782608,0.6733358500000001,0.6676925,0.821402,0.6867435434782608,0.6828784999999999,0.821402,148.0,59.0,94.0,59.0
吕温,吕温,大样本,104,902,True,True,32,35.47671840354767,28,26.923076923076923,4,4.434589800443459,1,1.1086474501108647,1,1.1086474501108647,2,1.9230769230769231,1,0.9615384615384616,1,0.9615384615384616,0.125,0.03125,0.07142857142857142,0.03571428571428571,0.6731225,0.6756774999999999,0.809515,0.6700222857142857,0.671813,0.809515,149.0,60.0,85.0,97.0
储光羲,储光羲,大样本,176,3113,True,True,88,28.268551236749115,58,32.95454545454545,13,4.176035978156119,5,1.6061676839061998,4,1.28493414712496,8,4.545454545454546,4,2.272727272727273,4,2.272727272727273,0.14772727272727273,0.056818181818181816,0.13793103448275862,0.06896551724137931,0.6862786477272728,0.6798125,0.869222,0.6982778275862069,0.6960120000000001,0.869222,150.0,61.0,67.0,39.0
李山甫,李山甫,大样本,78,754,True,True,20,26.525198938992045,16,20.51282051282051,3,3.9787798408488064,0,0.0,0,0.0,2,2.564102564102564,0,0.0,0,0.0,0.15,0.0,0.125,0.0,0.6640551,0.654103,0.771524,0.6660369375,0.6528309999999999,0.771524,152.0,63.0,122.0,79.0
张蠙,张蠙,大样本,102,764,True,True,22,28.795811518324605,20,19.607843137254903,3,3.926701570680628,1,1.3089005235602096,1,1.3089005235602096,3,2.941176470588235,1,0.9803921568627451,1,0.9803921568627451,0.13636363636363635,0.045454545454545456,0.15,0.05,0.6528220454545455,0.6481684999999999,0.802154,0.6543937,0.6481684999999999,0.802154,153.0,64.0,73.0,65.0
韩翃,韩翃,大样本,166,1534,True,True,38,24.771838331160364,30,18.072289156626507,6,3.911342894393742,2,1.303780964797914,0,0.0,5,3.0120481927710845,2,1.2048192771084338,0,0.0,0.15789473684210525,0.05263157894736842,0.16666666666666666,0.06666666666666667,0.6558359736842105,0.6483455,0.797826,0.6676767666666666,0.6543215,0.797826,154.0,65.0,74.0,64.0
权德舆,权德舆,大样本,283,3457,True,True,70,20.2487706103558,57,20.141342756183743,13,3.7604859704946487,7,2.0248770610355797,2,0.5785363031530228,8,2.8268551236749118,5,1.76678445229682,2,0.7067137809187279,0.18571428571428572,0.1,0.14035087719298245,0.08771929824561403,0.6700648,0.6658415,0.835503,0.6789506315789474,0.669422,0.835503,155.0,66.0,57.0,70.0
苏颋,苏颋,大样本,106,1156,True,True,19,16.43598615916955,17,16.037735849056602,4,3.4602076124567476,3,2.5951557093425603,1,0.8650519031141869,3,2.8301886792452833,1,0.9433962264150944,1,0.9433962264150944,0.21052631578947367,0.15789473684210525,0.17647058823529413,0.058823529411764705,0.7004483157894736,0.712034,0.818246,0.703287705882353,0.714277,0.818246,159.0,70.0,45.0,68.0
李颀,李颀,大样本,129,1762,True,True,77,43.700340522133935,57,44.18604651162791,6,3.40522133938706,3,1.70261066969353,3,1.70261066969353,5,3.875968992248062,3,2.3255813953488373,3,2.3255813953488373,0.07792207792207792,0.03896103896103896,0.08771929824561403,0.05263157894736842,0.6522150909090909,0.641814,0.834233,0.6605710701754386,0.649823,0.834233,160.0,71.0,63.0,47.0
孟浩然,孟浩然,大样本,268,2559,True,True,59,23.055881203595156,52,19.402985074626866,8,3.126221180148496,4,1.563110590074248,3,1.1723329425556857,7,2.6119402985074625,4,1.4925373134328357,3,1.1194029850746268,0.13559322033898305,0.06779661016949153,0.1346153846153846,0.07692307692307693,0.6920645762711864,0.694925,0.860818,0.6982518269230769,0.7048395000000001,0.860818,164.0,75.0,68.0,77.0
曹邺,曹邺,大样本,106,1020,True,True,51,50.0,37,34.90566037735849,3,2.941176470588235,3,2.941176470588235,2,1.9607843137254901,3,2.8301886792452833,3,2.8301886792452833,2,1.8867924528301887,0.058823529411764705,0.058823529411764705,0.08108108108108109,0.08108108108108109,0.6745866470588235,0.659794,0.910702,0.6813066486486486,0.658961,0.910702,168.0,79.0,41.0,68.0
张说,张说,大样本,298,3440,True,True,72,20.930232558139533,57,19.12751677852349,10,2.9069767441860463,7,2.0348837209302326,4,1.1627906976744187,7,2.348993288590604,5,1.6778523489932886,4,1.342281879194631,0.1388888888888889,0.09722222222222222,0.12280701754385964,0.08771929824561403,0.6695569583333333,0.6611685,0.867681,0.6820964561403509,0.67496,0.867681,169.0,80.0,56.0,88.0
吕岩,吕岩,大样本,107,2450,True,True,82,33.46938775510204,35,32.71028037383177,7,2.857142857142857,6,2.4489795918367347,3,1.2244897959183674,3,2.803738317757009,2,1.8691588785046727,1,0.9345794392523363,0.08536585365853659,0.07317073170731707,0.08571428571428572,0.05714285714285714,0.658506536585366,0.6518265000000001,0.840476,0.6682684285714285,0.668226,0.840476,170.0,81.0,46.0,71.0
李德裕,李德裕,大样本,136,1419,True,True,31,21.846370683579984,26,19.11764705882353,4,2.8188865398167726,2,1.4094432699083863,0,0.0,3,2.2058823529411766,2,1.4705882352941175,0,0.0,0.12903225806451613,0.06451612903225806,0.11538461538461539,0.07692307692307693,0.6706858064516129,0.677826,0.797556,0.6739975,0.681739,0.797556,171.0,82.0,71.0,91.0
孟郊,孟郊,大样本,402,6441,True,True,184,28.566992702996426,127,31.592039800995025,18,2.794597112249651,7,1.0867877658748641,3,0.4657661853749418,14,3.482587064676617,4,0.9950248756218906,3,0.7462686567164178,0.09782608695652174,0.03804347826086957,0.11023622047244094,0.031496062992125984,0.670800820652174,0.665781,0.865447,0.6805996141732283,0.684793,0.865447,173.0,84.0,86.0,53.0
皮日休,皮日休,大样本,353,5032,True,True,110,21.860095389507155,66,18.69688385269122,14,2.7821939586645468,6,1.1923688394276628,1,0.1987281399046105,9,2.5495750708215295,3,0.84985835694051,1,0.28328611898017,0.12727272727272726,0.05454545454545454,0.13636363636363635,0.045454545454545456,0.6623257818181818,0.654344,0.809025,0.6684228484848485,0.6593249999999999,0.809025,174.0,85.0,81.0,81.0
陆龟蒙,陆龟蒙,大样本,502,6183,True,True,128,20.701924632055636,89,17.729083665338646,17,2.749474365194889,7,1.1321365033155426,4,0.6469351447517386,12,2.3904382470119523,4,0.796812749003984,4,0.796812749003984,0.1328125,0.0546875,0.1348314606741573,0.0449438202247191,0.6638175,0.6510370000000001,0.851597,0.6719842134831461,0.661103,0.851597,175.0,86.0,84.0,86.0
徐铉,徐铉,大样本,255,2555,True,True,75,29.354207436399214,58,22.745098039215687,7,2.73972602739726,5,1.9569471624266144,1,0.39138943248532293,7,2.7450980392156863,2,0.7843137254901961,1,0.39215686274509803,0.09333333333333334,0.06666666666666667,0.1206896551724138,0.034482758620689655,0.6579215866666667,0.655919,0.803217,0.6673120517241379,0.6710815,0.803217,176.0,87.0,59.0,72.0
张籍,张籍,大样本,467,4130,True,True,134,32.445520581113804,96,20.556745182012847,11,2.6634382566585955,7,1.694915254237288,4,0.9685230024213075,8,1.7130620985010707,5,1.070663811563169,4,0.8565310492505354,0.08208955223880597,0.05223880597014925,0.08333333333333333,0.052083333333333336,0.6603233880597015,0.657478,0.818214,0.6645267708333333,0.6630175,0.818214,177.0,88.0,64.0,101.0
鲍溶,鲍溶,大样本,189,2311,True,True,86,37.21332756382519,61,32.27513227513227,6,2.5962786672436176,4,1.7308524448290783,1,0.4327131112072696,5,2.6455026455026456,3,1.5873015873015872,1,0.5291005291005291,0.06976744186046512,0.046511627906976744,0.08196721311475409,0.04918032786885246,0.6576307093023256,0.660894,0.915054,0.6645945901639344,0.663148,0.915054,180.0,91.0,62.0,75.0
独孤及,独孤及,大样本,82,1196,True,True,30,25.08361204013378,20,24.390243902439025,3,2.508361204013378,2,1.6722408026755853,1,0.8361204013377926,2,2.4390243902439024,1,1.2195121951219512,1,1.2195121951219512,0.1,0.06666666666666667,0.1,0.05,0.6702542,0.651157,0.841508,0.6881227,0.6846385,0.841508,183.0,94.0,66.0,84.0
皎然,皎然,大样本,506,5651,True,True,154,27.251813838258716,110,21.73913043478261,14,2.4774376216598832,8,1.4156786409485047,4,0.7078393204742524,8,1.5810276679841897,5,0.9881422924901186,3,0.592885375494071,0.09090909090909091,0.05194805194805195,0.07272727272727272,0.045454545454545456,0.659131461038961,0.65152,0.96043,0.6658135636363636,0.6646615,0.96043,184.0,95.0,70.0,106.0
岑参,岑参,大样本,386,4487,True,True,127,28.30398930242924,101,26.165803108808287,11,2.4515266324938714,1,0.22286605749944285,1,0.22286605749944285,7,1.8134715025906734,1,0.2590673575129534,1,0.2590673575129534,0.08661417322834646,0.007874015748031496,0.06930693069306931,0.009900990099009901,0.6590584015748031,0.657698,0.813624,0.6634375742574257,0.658982,0.813624,185.0,96.0,120.0,100.0
李峤,李峤,大样本,208,2048,True,True,30,14.6484375,27,12.980769230769232,5,2.44140625,2,0.9765625,1,0.48828125,3,1.4423076923076923,2,0.9615384615384616,1,0.4807692307692308,0.16666666666666666,0.06666666666666667,0.1111111111111111,0.07407407407407407,0.6507596,0.6363475000000001,0.81795,0.6505912222222222,0.636815,0.81795,186.0,97.0,89.0,110.0
杜甫,杜甫,大样本,1158,19576,True,True,464,23.702492848385777,306,26.42487046632124,47,2.40089906007356,25,1.2770739681242336,14,0.7151614221495709,42,3.6269430051813467,23,1.9861830742659756,14,1.2089810017271159,0.10129310344827586,0.05387931034482758,0.13725490196078433,0.07516339869281045,0.6659159310344827,0.662214,0.886258,0.6767574215686275,0.6740065,0.886258,187.0,98.0,78.0,52.0
王勃,王勃,大样本,81,849,True,True,14,16.489988221436985,11,13.580246913580247,2,2.3557126030624262,1,1.1778563015312131,0,0.0,2,2.4691358024691357,0,0.0,0,0.0,0.14285714285714285,0.07142857142857142,0.18181818181818182,0.0,0.6440288571428571,0.6187775,0.776838,0.6481413636363637,0.628966,0.776838,188.0,99.0,82.0,83.0
李端,李端,大样本,271,2589,True,True,50,19.312475859405176,47,17.343173431734318,6,2.317497103128621,3,1.1587485515643106,0,0.0,5,1.8450184501845017,2,0.7380073800738007,0,0.0,0.12,0.06,0.10638297872340426,0.0425531914893617,0.65831668,0.6555425,0.788044,0.6605568936170213,0.656563,0.788044,189.0,100.0,83.0,99.0
骆宾王,骆宾王,大样本,124,2171,True,True,43,19.806540764624597,21,16.93548387096774,5,2.3030861354214647,1,0.460617227084293,1,0.460617227084293,4,3.225806451612903,1,0.8064516129032258,1,0.8064516129032258,0.11627906976744186,0.023255813953488372,0.19047619047619047,0.047619047619047616,0.6517224651162791,0.648863,0.838487,0.6742008095238096,0.670824,0.838487,190.0,101.0,107.0,57.0
刘禹锡,刘禹锡,大样本,493,4802,True,True,114,23.740108288213243,98,19.878296146044626,11,2.2907122032486464,6,1.249479383590171,2,0.41649312786339027,8,1.6227180527383367,2,0.4056795131845842,2,0.4056795131845842,0.09649122807017543,0.05263157894736842,0.08163265306122448,0.02040816326530612,0.6519848421052632,0.6533154999999999,0.823516,0.6527028265306123,0.654374,0.823516,191.0,102.0,80.0,105.0
王昌龄,王昌龄,大样本,170,1759,True,True,37,21.034678794769754,29,17.058823529411764,4,2.2740193291642976,4,2.2740193291642976,2,1.1370096645821488,4,2.3529411764705883,3,1.7647058823529411,2,1.1764705882352942,0.10810810810810811,0.10810810810810811,0.13793103448275862,0.10344827586206896,0.666589027027027,0.667067,0.819588,0.6730131724137931,0.667067,0.819588,192.0,103.0,48.0,87.0
宋之问,宋之问,大样本,192,2213,True,True,45,20.334387708992317,42,21.875,5,2.2593764121102575,5,2.2593764121102575,2,0.9037505648441031,5,2.604166666666667,5,2.604166666666667,2,1.0416666666666665,0.1111111111111111,0.1111111111111111,0.11904761904761904,0.11904761904761904,0.6556177777777777,0.640293,0.871035,0.6573174047619047,0.641821,0.871035,195.0,105.0,50.0,78.0
贾岛,贾岛,大样本,405,3417,True,True,70,20.485806262803628,62,15.308641975308642,7,2.048580626280363,3,0.8779631255487269,2,0.585308750365818,5,1.2345679012345678,3,0.7407407407407408,2,0.49382716049382713,0.1,0.04285714285714286,0.08064516129032258,0.04838709677419355,0.6570979428571428,0.646563,0.83137,0.6621686935483871,0.6475975,0.83137,200.0,110.0,93.0,114.0
元稹,元稹,大样本,593,11812,True,True,325,27.514392143582796,166,27.99325463743676,24,2.031832035218422,12,1.015916017609211,4,0.3386386725364037,20,3.372681281618887,10,1.6863406408094435,4,0.6745362563237773,0.07384615384615385,0.036923076923076927,0.12048192771084337,0.060240963855421686,0.6550502215384616,0.656611,0.859346,0.6699185903614457,0.6709149999999999,0.859346,201.0,111.0,88.0,56.0
王建,王建,大样本,395,4194,True,True,132,31.473533619456365,98,24.81012658227848,8,1.9074868860276586,1,0.23843586075345732,0,0.0,5,1.2658227848101267,1,0.25316455696202533,0,0.0,0.06060606060606061,0.007575757575757576,0.05102040816326531,0.01020408163265306,0.6457703787878788,0.6495005,0.785383,0.651868,0.6527700000000001,0.785383,203.0,113.0,119.0,113.0
章孝标,章孝标,大样本,68,530,True,True,10,18.867924528301884,10,14.705882352941178,1,1.8867924528301887,0,0.0,0,0.0,0,0.0,0,0.0,0,0.0,0.1,0.0,0.0,0.0,0.6612562000000001,0.6531115000000001,0.750107,0.6612562000000001,0.6531115000000001,0.750107,204.0,114.0,122.0,155.0
郎士元,郎士元,大样本,72,539,True,True,9,16.697588126159555,8,11.11111111111111,1,1.8552875695732838,1,1.8552875695732838,0,0.0,1,1.3888888888888888,1,1.3888888888888888,0,0.0,0.1111111111111111,0.1111111111111111,0.125,0.125,0.631064,0.615435,0.792346,0.639875,0.6334995,0.792346,205.0,115.0,61.0,111.0
吴融,吴融,大样本,284,2709,True,True,76,28.0546327057955,53,18.661971830985916,5,1.8456995201181248,4,1.4765596160944998,2,0.7382798080472499,3,1.056338028169014,2,0.7042253521126761,2,0.7042253521126761,0.06578947368421052,0.05263157894736842,0.05660377358490566,0.03773584905660377,0.6592024342105263,0.662553,0.91502,0.6567220377358491,0.654155,0.91502,206.0,116.0,69.0,119.0
李群玉,李群玉,大样本,238,2234,True,True,41,18.352730528200535,33,13.865546218487395,4,1.7905102954341987,1,0.4476275738585497,1,0.4476275738585497,4,1.680672268907563,1,0.42016806722689076,1,0.42016806722689076,0.0975609756097561,0.024390243902439025,0.12121212121212122,0.030303030303030304,0.6477214634146341,0.64107,0.80871,0.6538555757575758,0.644197,0.80871,207.0,117.0,108.0,103.0
戎昱,戎昱,大样本,118,1127,True,True,30,26.619343389529725,22,18.64406779661017,2,1.7746228926353151,0,0.0,0,0.0,2,1.694915254237288,0,0.0,0,0.0,0.06666666666666667,0.0,0.09090909090909091,0.0,0.6330358,0.618151,0.755864,0.6346767727272727,0.6360034999999999,0.755864,208.0,118.0,122.0,102.0
王贞白,王贞白,大样本,67,589,True,True,15,25.466893039049236,12,17.91044776119403,1,1.697792869269949,0,0.0,0,0.0,1,1.4925373134328357,0,0.0,0,0.0,0.06666666666666667,0.0,0.08333333333333333,0.0,0.6563946,0.668734,0.772105,0.6588289166666667,0.6717075,0.772105,209.0,119.0,122.0,108.0
杨衡,杨衡,大样本,61,596,True,True,9,15.100671140939598,9,14.754098360655737,1,1.6778523489932886,1,1.6778523489932886,1,1.6778523489932886,1,1.639344262295082,1,1.639344262295082,1,1.639344262295082,0.1111111111111111,0.1111111111111111,0.1111111111111111,0.1111111111111111,0.6667776666666667,0.642385,0.822758,0.6667776666666667,0.642385,0.822758,210.0,120.0,65.0,104.0
刘长卿,刘长卿,大样本,508,5373,True,True,97,18.05322910850549,88,17.322834645669293,9,1.6750418760469012,7,1.3028103480364788,5,0.9305788200260562,8,1.574803149606299,6,1.1811023622047243,5,0.984251968503937,0.09278350515463918,0.07216494845360824,0.09090909090909091,0.06818181818181818,0.6540898247422681,0.650983,0.836255,0.6581590909090909,0.653892,0.836255,211.0,121.0,75.0,107.0
李贺,李贺,大样本,234,2987,True,True,85,28.45664546367593,64,27.350427350427353,5,1.6739203213927016,2,0.6695681285570807,0,0.0,5,2.1367521367521367,2,0.8547008547008548,0,0.0,0.058823529411764705,0.023529411764705882,0.078125,0.03125,0.6394562117647059,0.640675,0.791538,0.64328128125,0.640679,0.791538,212.0,122.0,101.0,92.0
杜荀鹤,杜荀鹤,大样本,325,2412,True,True,62,25.70480928689884,59,18.153846153846153,4,1.658374792703151,2,0.8291873963515755,2,0.8291873963515755,3,0.9230769230769231,2,0.6153846153846154,2,0.6153846153846154,0.06451612903225806,0.03225806451612903,0.05084745762711865,0.03389830508474576,0.6577116129032258,0.658979,0.900229,0.660329593220339,0.659703,0.900229,213.0,123.0,95.0,121.0
韦应物,韦应物,大样本,551,6307,True,True,137,21.721896305692088,97,17.604355716878402,10,1.5855398763278896,4,0.6342159505311559,2,0.31710797526557793,7,1.2704174228675136,3,0.5444646098003629,2,0.3629764065335753,0.072992700729927,0.029197080291970802,0.07216494845360824,0.030927835051546393,0.6626145985401459,0.66405,0.817344,0.6766026391752576,0.67768,0.817344,214.0,124.0,102.0,112.0
刘得仁,刘得仁,大样本,139,1268,True,True,14,11.041009463722398,14,10.071942446043165,2,1.5772870662460567,0,0.0,0,0.0,1,0.7194244604316548,0,0.0,0,0.0,0.14285714285714285,0.0,0.07142857142857142,0.0,0.6608539285714287,0.6935819999999999,0.764991,0.6608539285714287,0.6935819999999999,0.764991,215.0,125.0,122.0,133.0
许棠,许棠,大样本,138,1309,True,True,12,9.167303284950345,11,7.971014492753622,2,1.5278838808250572,1,0.7639419404125286,1,0.7639419404125286,1,0.7246376811594203,1,0.7246376811594203,1,0.7246376811594203,0.16666666666666666,0.08333333333333333,0.09090909090909091,0.09090909090909091,0.67908975,0.68024,0.803451,0.6872761818181818,0.691747,0.803451,216.0,126.0,97.0,131.0
朱庆馀,朱庆馀,大样本,168,1314,True,True,16,12.1765601217656,16,9.523809523809524,2,1.5220700152207,1,0.76103500761035,0,0.0,1,0.5952380952380952,1,0.5952380952380952,0,0.0,0.125,0.0625,0.0625,0.0625,0.6636724375,0.6637139999999999,0.792311,0.6636724375,0.6637139999999999,0.792311,217.0,127.0,98.0,139.0
常建,常建,大样本,52,660,True,True,17,25.757575757575758,16,30.76923076923077,1,1.5151515151515151,0,0.0,0,0.0,1,1.9230769230769231,0,0.0,0,0.0,0.058823529411764705,0.0,0.0625,0.0,0.6521954705882352,0.63134,0.768863,0.6535575,0.6316565000000001,0.768863,218.0,128.0,122.0,97.0
薛能,薛能,大样本,271,2731,True,True,47,17.209813255217867,43,15.867158671586715,4,1.4646649578908824,1,0.3661662394727206,1,0.3661662394727206,1,0.36900369003690037,1,0.36900369003690037,1,0.36900369003690037,0.0851063829787234,0.02127659574468085,0.023255813953488372,0.023255813953488372,0.6338669361702127,0.632897,0.801118,0.6414588604651162,0.638854,0.801118,220.0,130.0,114.0,151.0
胡曾,胡曾,大样本,166,716,True,True,39,54.46927374301676,36,21.686746987951807,1,1.3966480446927374,0,0.0,0,0.0,1,0.6024096385542169,0,0.0,0,0.0,0.02564102564102564,0.0,0.027777777777777776,0.0,0.6387296923076923,0.629961,0.76051,0.6389397222222222,0.6296729999999999,0.76051,221.0,131.0,122.0,138.0
齐己,齐己,大样本,783,6718,True,True,119,17.713605239654658,99,12.643678160919542,9,1.3396844298898483,2,0.29770765108663294,0,0.0,6,0.7662835249042145,0,0.0,0,0.0,0.07563025210084033,0.01680672268907563,0.06060606060606061,0.0,0.6501376302521008,0.646861,0.782247,0.6544864545454545,0.65137,0.782247,222.0,132.0,117.0,129.0
罗隐,罗隐,大样本,470,3754,True,True,93,24.773574853489613,84,17.872340425531917,5,1.3319126265316996,1,0.2663825253063399,1,0.2663825253063399,4,0.851063829787234,1,0.2127659574468085,1,0.2127659574468085,0.053763440860215055,0.010752688172043012,0.047619047619047616,0.011904761904761904,0.6459693978494624,0.639678,0.81413,0.649090511904762,0.640324,0.81413,223.0,133.0,118.0,125.0
钱起,钱起,大样本,429,4612,True,True,80,17.346053772766695,67,15.61771561771562,6,1.3009540329575022,0,0.0,0,0.0,3,0.6993006993006993,0,0.0,0,0.0,0.075,0.0,0.04477611940298507,0.0,0.6657715,0.663159,0.765453,0.6694466417910447,0.66546,0.765453,224.0,134.0,122.0,134.0
武元衡,武元衡,大样本,192,1544,True,True,29,18.78238341968912,25,13.020833333333334,2,1.2953367875647668,2,1.2953367875647668,2,1.2953367875647668,1,0.5208333333333333,1,0.5208333333333333,1,0.5208333333333333,0.06896551724137931,0.06896551724137931,0.04,0.04,0.6525083793103449,0.63985,0.841132,0.65630896,0.644791,0.841132,225.0,135.0,76.0,147.0
雍陶,雍陶,大样本,124,776,True,True,20,25.773195876288657,17,13.709677419354838,1,1.288659793814433,1,1.288659793814433,0,0.0,1,0.8064516129032258,1,0.8064516129032258,0,0.0,0.05,0.05,0.058823529411764705,0.058823529411764705,0.6410328,0.6317395,0.790246,0.6478033529411765,0.638525,0.790246,226.0,136.0,77.0,128.0
李中,李中,大样本,287,2336,True,True,30,12.842465753424657,30,10.452961672473867,3,1.2842465753424657,1,0.4280821917808219,0,0.0,3,1.0452961672473868,0,0.0,0,0.0,0.1,0.03333333333333333,0.1,0.0,0.654162,0.64827,0.775488,0.654162,0.64827,0.775488,227.0,137.0,110.0,120.0
耿湋,耿湋,大样本,181,1565,True,True,27,17.252396166134186,23,12.70718232044199,2,1.2779552715654952,0,0.0,0,0.0,2,1.1049723756906076,0,0.0,0,0.0,0.07407407407407407,0.0,0.08695652173913043,0.0,0.6650571481481481,0.669752,0.752234,0.6755190869565217,0.679581,0.752234,228.0,138.0,122.0,118.0
唐彦谦,唐彦谦,大样本,167,1578,True,True,36,22.813688212927758,27,16.16766467065868,2,1.2674271229404308,2,1.2674271229404308,1,0.6337135614702154,2,1.1976047904191618,2,1.1976047904191618,1,0.5988023952095809,0.05555555555555555,0.05555555555555555,0.07407407407407407,0.07407407407407407,0.6506435277777778,0.6396094999999999,0.868949,0.6494701111111111,0.629978,0.868949,229.0,139.0,79.0,115.0
姚合,姚合,大样本,458,4771,True,True,91,19.07356948228883,80,17.46724890829694,6,1.2575979878432193,1,0.2095996646405366,0,0.0,3,0.6550218340611353,1,0.21834061135371177,0,0.0,0.06593406593406594,0.01098901098901099,0.0375,0.0125,0.658697967032967,0.657958,0.788209,0.6605983125,0.6625300000000001,0.788209,230.0,140.0,121.0,135.0
陈陶,陈陶,大样本,111,1637,True,True,32,19.547953573610265,24,21.62162162162162,2,1.2217470983506415,1,0.6108735491753208,0,0.0,1,0.9009009009009009,0,0.0,0,0.0,0.0625,0.03125,0.041666666666666664,0.0,0.628177125,0.6201909999999999,0.781996,0.6335759166666667,0.620487,0.781996,231.0,141.0,103.0,122.0
李咸用,李咸用,大样本,177,1840,True,True,48,26.08695652173913,39,22.033898305084744,2,1.0869565217391304,0,0.0,0,0.0,2,1.1299435028248588,0,0.0,0,0.0,0.041666666666666664,0.0,0.05128205128205128,0.0,0.64161425,0.6386025,0.756714,0.6458539743589744,0.645943,0.756714,232.0,142.0,122.0,116.0
杜牧,杜牧,大样本,487,4767,True,True,108,22.655758338577723,78,16.01642710472279,5,1.0488777008600798,2,0.4195510803440319,2,0.4195510803440319,2,0.41067761806981523,2,0.41067761806981523,2,0.41067761806981523,0.046296296296296294,0.018518518518518517,0.02564102564102564,0.02564102564102564,0.6563731944444444,0.6609075,0.826663,0.6576198205128205,0.659462,0.826663,233.0,143.0,111.0,150.0
刘商,刘商,大样本,112,966,True,True,30,31.055900621118013,21,18.75,1,1.0351966873706004,1,1.0351966873706004,1,1.0351966873706004,1,0.8928571428571428,1,0.8928571428571428,1,0.8928571428571428,0.03333333333333333,0.03333333333333333,0.047619047619047616,0.047619047619047616,0.6413352,0.646133,0.835503,0.6432159047619047,0.642072,0.835503,234.0,144.0,87.0,123.0
皇甫冉,皇甫冉,大样本,242,2031,True,True,40,19.694731659281143,35,14.46280991735537,2,0.9847365829640572,1,0.4923682914820286,0,0.0,2,0.8264462809917356,0,0.0,0,0.0,0.05,0.025,0.05714285714285714,0.0,0.646062775,0.6429739999999999,0.775256,0.6511376285714285,0.643921,0.775256,235.0,145.0,105.0,126.0
许浑,许浑,大样本,507,4218,True,True,75,17.780938833570413,70,13.806706114398423,4,0.948316737790422,2,0.474158368895211,1,0.2370791844476055,3,0.591715976331361,2,0.39447731755424065,1,0.19723865877712032,0.05333333333333334,0.02666666666666667,0.04285714285714286,0.02857142857142857,0.63978472,0.631827,0.815972,0.6404919428571428,0.634172,0.815972,236.0,146.0,106.0,142.0
卢纶,卢纶,大样本,322,3177,True,True,53,16.68240478438779,48,14.906832298136646,3,0.9442870632672333,1,0.3147623544224111,0,0.0,2,0.6211180124223602,0,0.0,0,0.0,0.05660377358490566,0.018867924528301886,0.041666666666666664,0.0,0.6485667735849056,0.644874,0.781432,0.64766325,0.6448164999999999,0.781432,237.0,147.0,116.0,137.0
徐夤,徐夤,大样本,245,2118,True,True,40,18.885741265344663,35,14.285714285714285,2,0.9442870632672333,2,0.9442870632672333,2,0.9442870632672333,2,0.8163265306122449,2,0.8163265306122449,2,0.8163265306122449,0.05,0.05,0.05714285714285714,0.05714285714285714,0.63623515,0.6316425,0.809215,0.6408092571428572,0.63473,0.809215,237.0,147.0,90.0,127.0
李嘉祐,李嘉祐,大样本,134,1071,True,True,20,18.674136321195146,18,13.432835820895523,1,0.9337068160597572,1,0.9337068160597572,1,0.9337068160597572,1,0.7462686567164178,1,0.7462686567164178,1,0.7462686567164178,0.05,0.05,0.05555555555555555,0.05555555555555555,0.6462962,0.6455425,0.802906,0.6492620555555555,0.649553,0.802906,239.0,149.0,91.0,130.0
司空图,司空图,大样本,231,2175,True,True,29,13.333333333333334,24,10.38961038961039,2,0.9195402298850575,2,0.9195402298850575,1,0.45977011494252873,2,0.8658008658008658,2,0.8658008658008658,1,0.4329004329004329,0.06896551724137931,0.06896551724137931,0.08333333333333333,0.08333333333333333,0.6485658620689655,0.653494,0.865515,0.654629625,0.6537545,0.865515,240.0,150.0,92.0,124.0
李商隐,李商隐,大样本,555,5687,True,True,120,21.10075611042729,89,16.036036036036037,5,0.8791981712678038,2,0.3516792685071215,0,0.0,4,0.7207207207207207,2,0.36036036036036034,0,0.0,0.041666666666666664,0.016666666666666666,0.0449438202247191,0.02247191011235955,0.6441938333333332,0.642919,0.786496,0.648039404494382,0.644956,0.786496,241.0,151.0,115.0,132.0
郑谷,郑谷,大样本,312,2484,True,True,33,13.285024154589372,30,9.615384615384617,2,0.8051529790660226,1,0.4025764895330113,1,0.4025764895330113,2,0.641025641025641,1,0.3205128205128205,1,0.3205128205128205,0.06060606060606061,0.030303030303030304,0.06666666666666667,0.03333333333333333,0.644756606060606,0.625407,0.864149,0.6493463666666667,0.6365810000000001,0.864149,242.0,152.0,112.0,136.0
韩偓,韩偓,大样本,316,2486,True,True,44,17.699115044247787,41,12.974683544303797,2,0.8045052292839903,0,0.0,0,0.0,1,0.31645569620253167,0,0.0,0,0.0,0.045454545454545456,0.0,0.024390243902439025,0.0,0.6409468863636364,0.6402495,0.763669,0.6414859024390244,0.64027,0.763669,243.0,153.0,122.0,153.0
张祜,张祜,大样本,367,2662,True,True,64,24.04207362885049,56,15.258855585831062,2,0.7513148009015778,2,0.7513148009015778,2,0.7513148009015778,2,0.544959128065395,2,0.544959128065395,2,0.544959128065395,0.03125,0.03125,0.03571428571428571,0.03571428571428571,0.637674921875,0.616638,0.830166,0.6412281249999999,0.6378064999999999,0.830166,245.0,155.0,99.0,146.0
方干,方干,大样本,337,2715,True,True,53,19.521178637200737,51,15.133531157270031,2,0.7366482504604052,1,0.3683241252302026,0,0.0,2,0.5934718100890208,1,0.2967359050445104,0,0.0,0.03773584905660377,0.018867924528301886,0.0392156862745098,0.0196078431372549,0.6411934339622641,0.634631,0.792859,0.6428909215686274,0.635394,0.792859,246.0,156.0,113.0,141.0
司空曙,司空曙,大样本,174,1361,True,True,12,8.81704628949302,12,6.896551724137931,1,0.7347538574577516,1,0.7347538574577516,0,0.0,1,0.5747126436781609,1,0.5747126436781609,0,0.0,0.08333333333333333,0.08333333333333333,0.08333333333333333,0.08333333333333333,0.6272497499999999,0.6153995,0.788508,0.6272497499999999,0.6153995,0.788508,247.0,157.0,100.0,143.0
马戴,马戴,大样本,168,1434,True,True,16,11.15760111576011,15,8.928571428571429,1,0.6973500697350069,0,0.0,0,0.0,1,0.5952380952380952,0,0.0,0,0.0,0.0625,0.0,0.06666666666666667,0.0,0.6583759375,0.6626785,0.760268,0.6626670666666666,0.680029,0.760268,248.0,158.0,122.0,139.0
陈子昂,陈子昂,大样本,90,1457,True,True,54,37.06245710363761,27,30.0,1,0.6863417982155113,0,0.0,0,0.0,1,1.1111111111111112,0,0.0,0,0.0,0.018518518518518517,0.0,0.037037037037037035,0.0,0.6498410555555556,0.64734,0.759039,0.6562680740740741,0.655112,0.759039,249.0,159.0,122.0,117.0
韦庄,韦庄,大样本,336,2989,True,True,55,18.400802944128472,51,15.178571428571427,2,0.6691201070592171,0,0.0,0,0.0,1,0.2976190476190476,0,0.0,0,0.0,0.03636363636363636,0.0,0.0196078431372549,0.0,0.6263590727272726,0.629008,0.757145,0.6285651176470588,0.633322,0.757145,250.0,160.0,122.0,154.0
李绅,李绅,大样本,127,1626,True,True,23,14.145141451414514,20,15.748031496062993,1,0.6150061500615006,0,0.0,0,0.0,0,0.0,0,0.0,0,0.0,0.043478260869565216,0.0,0.0,0.0,0.6525578260869566,0.66005,0.74255,0.65331945,0.6607155,0.74255,251.0,161.0,122.0,155.0
李益,李益,大样本,178,1635,True,True,56,34.25076452599389,37,20.786516853932586,1,0.6116207951070336,0,0.0,0,0.0,1,0.5617977528089888,0,0.0,0,0.0,0.017857142857142856,0.0,0.02702702702702703,0.0,0.6434668928571429,0.6438895,0.754351,0.6533702162162162,0.65136,0.754351,252.0,162.0,122.0,145.0
李频,李频,大样本,204,1676,True,True,26,15.513126491646778,26,12.745098039215685,1,0.5966587112171838,0,0.0,0,0.0,1,0.49019607843137253,0,0.0,0,0.0,0.038461538461538464,0.0,0.038461538461538464,0.0,0.6511024615384616,0.6683889999999999,0.759428,0.6511024615384616,0.6683889999999999,0.759428,253.0,163.0,122.0,149.0
黄滔,黄滔,大样本,198,1725,True,True,32,18.55072463768116,25,12.626262626262626,1,0.5797101449275363,0,0.0,0,0.0,1,0.5050505050505051,0,0.0,0,0.0,0.03125,0.0,0.04,0.0,0.62221221875,0.621191,0.770342,0.6263308,0.621915,0.770342,254.0,164.0,122.0,148.0
赵嘏,赵嘏,大样本,258,1832,True,True,37,20.196506550218338,34,13.178294573643413,1,0.5458515283842794,0,0.0,0,0.0,0,0.0,0,0.0,0,0.0,0.02702702702702703,0.0,0.0,0.0,0.6271022432432433,0.633527,0.743335,0.6271938823529412,0.6349095,0.743335,255.0,165.0,122.0,155.0
温庭筠,温庭筠,大样本,351,3980,True,True,57,14.321608040201005,48,13.675213675213676,2,0.5025125628140704,2,0.5025125628140704,2,0.5025125628140704,2,0.5698005698005698,2,0.5698005698005698,2,0.5698005698005698,0.03508771929824561,0.03508771929824561,0.041666666666666664,0.041666666666666664,0.631997245614035,0.622582,0.871343,0.6357659583333334,0.6267940000000001,0.871343,256.0,166.0,104.0,144.0
沈佺期,沈佺期,大样本,171,2088,True,True,30,14.367816091954023,25,14.619883040935672,1,0.4789272030651341,0,0.0,0,0.0,0,0.0,0,0.0,0,0.0,0.03333333333333333,0.0,0.0,0.0,0.6473084,0.655562,0.750646,0.6471244,0.656935,0.750646,257.0,167.0,122.0,155.0
戴叔伦,戴叔伦,大样本,289,2279,True,True,35,15.357612988152699,33,11.418685121107266,1,0.43878894251864853,1,0.43878894251864853,0,0.0,1,0.34602076124567477,1,0.34602076124567477,0,0.0,0.02857142857142857,0.02857142857142857,0.030303030303030304,0.030303030303030304,0.6468245428571429,0.642754,0.792859,0.6484145757575757,0.642754,0.792859,258.0,168.0,109.0,152.0
李洞,李洞,大样本,168,1477,True,True,16,10.832769126607989,16,9.523809523809524,0,0.0,0,0.0,0,0.0,0,0.0,0,0.0,0,0.0,0.0,0.0,0.0,0.0,0.6060463125,0.6021,0.687586,0.6060463125,0.6021,0.687586,259.0,169.0,122.0,155.0
无名氏,无名氏,大样本,144,1284,True,True,19,14.797507788161994,17,11.805555555555555,0,0.0,0,0.0,0,0.0,0,0.0,0,0.0,0,0.0,0.0,0.0,0.0,0.0,0.6301447368421053,0.644791,0.705316,0.630286,0.646116,0.705316,259.0,169.0,122.0,155.0
张乔,张乔,大样本,168,1270,True,True,11,8.661417322834646,11,6.547619047619048,0,0.0,0,0.0,0,0.0,0,0.0,0,0.0,0,0.0,0.0,0.0,0.0,0.0,0.6436922727272727,0.63675,0.717965,0.6436922727272727,0.63675,0.717965,259.0,169.0,122.0,155.0
曹松,曹松,大样本,146,1143,True,True,21,18.37270341207349,21,14.383561643835616,0,0.0,0,0.0,0,0.0,0,0.0,0,0.0,0,0.0,0.0,0.0,0.0,0.0,0.6335157619047619,0.627006,0.73903,0.6335157619047619,0.627006,0.73903,259.0,169.0,122.0,155.0
李世民,李世民,大样本,89,1031,True,True,6,5.819592628516004,5,5.617977528089887,0,0.0,0,0.0,0,0.0,0,0.0,0,0.0,0,0.0,0.0,0.0,0.0,0.0,0.6064436666666667,0.617688,0.678284,0.6072684,0.624415,0.678284,259.0,169.0,122.0,155.0
罗邺,罗邺,大样本,143,993,True,True,18,18.12688821752266,17,11.888111888111888,0,0.0,0,0.0,0,0.0,0,0.0,0,0.0,0,0.0,0.0,0.0,0.0,0.0,0.6324300555555555,0.6367130000000001,0.702202,0.6329387058823529,0.645818,0.702202,259.0,169.0,122.0,155.0
施肩吾,施肩吾,大样本,195,942,True,True,33,35.031847133757964,31,15.897435897435896,0,0.0,0,0.0,0,0.0,0,0.0,0,0.0,0,0.0,0.0,0.0,0.0,0.0,0.6389469999999999,0.635519,0.712808,0.638507935483871,0.635519,0.712808,259.0,169.0,122.0,155.0
无可,无可,大样本,98,940,True,True,8,8.51063829787234,6,6.122448979591836,0,0.0,0,0.0,0,0.0,0,0.0,0,0.0,0,0.0,0.0,0.0,0.0,0.0,0.631908625,0.6243719999999999,0.697671,0.6428943333333333,0.6389175,0.697671,259.0,169.0,122.0,155.0
薛逢,薛逢,大样本,92,874,True,True,20,22.88329519450801,14,15.217391304347828,0,0.0,0,0.0,0,0.0,0,0.0,0,0.0,0,0.0,0.0,0.0,0.0,0.0,0.6303708,0.6257325,0.732711,0.6441037857142857,0.6331644999999999,0.732711,259.0,169.0,122.0,155.0
李涉,李涉,大样本,108,860,True,True,35,40.697674418604656,21,19.444444444444446,0,0.0,0,0.0,0,0.0,0,0.0,0,0.0,0,0.0,0.0,0.0,0.0,0.0,0.6193886857142857,0.613286,0.735378,0.629432619047619,0.618741,0.735378,259.0,169.0,122.0,155.0
刘沧,刘沧,大样本,102,810,True,True,7,8.641975308641975,7,6.862745098039216,0,0.0,0,0.0,0,0.0,0,0.0,0,0.0,0,0.0,0.0,0.0,0.0,0.0,0.6430294285714285,0.652691,0.714013,0.6430294285714285,0.652691,0.714013,259.0,169.0,122.0,155.0
项斯,项斯,大样本,98,796,True,True,10,12.56281407035176,10,10.204081632653061,0,0.0,0,0.0,0,0.0,0,0.0,0,0.0,0,0.0,0.0,0.0,0.0,0.0,0.64455,0.627586,0.70659,0.64455,0.627586,0.70659,259.0,169.0,122.0,155.0
李建勋,李建勋,大样本,89,739,True,True,21,28.416779431664413,16,17.97752808988764,0,0.0,0,0.0,0,0.0,0,0.0,0,0.0,0,0.0,0.0,0.0,0.0,0.0,0.6432245714285715,0.648299,0.732163,0.6496014375,0.6510849999999999,0.732163,259.0,169.0,122.0,155.0
刘驾,刘驾,大样本,74,730,True,True,16,21.91780821917808,15,20.27027027027027,0,0.0,0,0.0,0,0.0,0,0.0,0,0.0,0,0.0,0.0,0.0,0.0,0.0,0.657631625,0.6554375,0.731622,0.6565464,0.654518,0.731622,259.0,169.0,122.0,155.0
周贺,周贺,大样本,93,728,True,True,3,4.120879120879121,3,3.225806451612903,0,0.0,0,0.0,0,0.0,0,0.0,0,0.0,0,0.0,0.0,0.0,0.0,0.0,0.6087886666666666,0.604722,0.681345,0.6087886666666666,0.604722,0.681345,259.0,169.0,122.0,155.0
崔涂,崔涂,大样本,101,724,True,True,14,19.337016574585636,14,13.861386138613863,0,0.0,0,0.0,0,0.0,0,0.0,0,0.0,0,0.0,0.0,0.0,0.0,0.0,0.6394337857142858,0.6462680000000001,0.710067,0.6394337857142858,0.6462680000000001,0.710067,259.0,169.0,122.0,155.0
于鹄,于鹄,大样本,69,652,True,True,15,23.006134969325153,13,18.84057971014493,0,0.0,0,0.0,0,0.0,0,0.0,0,0.0,0,0.0,0.0,0.0,0.0,0.0,0.6699216666666667,0.685457,0.723024,0.6682996923076924,0.685457,0.723024,259.0,169.0,122.0,155.0
刘兼,刘兼,大样本,73,632,True,True,14,22.151898734177216,13,17.80821917808219,0,0.0,0,0.0,0,0.0,0,0.0,0,0.0,0,0.0,0.0,0.0,0.0,0.0,0.6137425,0.6073325,0.701576,0.6124843846153847,0.606919,0.701576,259.0,169.0,122.0,155.0
孙逖,孙逖,大样本,61,630,True,True,14,22.22222222222222,10,16.39344262295082,0,0.0,0,0.0,0,0.0,0,0.0,0,0.0,0,0.0,0.0,0.0,0.0,0.0,0.6375657142857143,0.6439405,0.718913,0.6534105,0.6609395,0.718913,259.0,169.0,122.0,155.0
殷尧藩,殷尧藩,大样本,78,588,True,True,13,22.108843537414966,12,15.384615384615385,0,0.0,0,0.0,0,0.0,0,0.0,0,0.0,0,0.0,0.0,0.0,0.0,0.0,0.6010834615384616,0.594706,0.684645,0.6024641666666667,0.5963415,0.684645,259.0,169.0,122.0,155.0
严维,严维,大样本,68,587,True,True,10,17.035775127768314,9,13.23529411764706,0,0.0,0,0.0,0,0.0,0,0.0,0,0.0,0,0.0,0.0,0.0,0.0,0.0,0.6387756,0.6325935,0.721856,0.6435022222222222,0.653322,0.721856,259.0,169.0,122.0,155.0
段成式,段成式,大样本,51,575,True,True,11,19.130434782608695,10,19.607843137254903,0,0.0,0,0.0,0,0.0,0,0.0,0,0.0,0,0.0,0.0,0.0,0.0,0.0,0.6356352727272727,0.630951,0.715804,0.6383795,0.639839,0.715804,259.0,169.0,122.0,155.0
顾非熊,顾非熊,大样本,72,568,True,True,5,8.802816901408452,5,6.944444444444445,0,0.0,0,0.0,0,0.0,0,0.0,0,0.0,0,0.0,0.0,0.0,0.0,0.0,0.6532954,0.655837,0.73048,0.6532954,0.655837,0.73048,259.0,169.0,122.0,155.0
刘言史,刘言史,大样本,71,552,True,True,12,21.73913043478261,12,16.901408450704224,0,0.0,0,0.0,0,0.0,0,0.0,0,0.0,0,0.0,0.0,0.0,0.0,0.0,0.62709,0.627018,0.694465,0.62709,0.627018,0.694465,259.0,169.0,122.0,155.0
牟融,牟融,大样本,62,544,True,True,12,22.058823529411764,12,19.35483870967742,0,0.0,0,0.0,0,0.0,0,0.0,0,0.0,0,0.0,0.0,0.0,0.0,0.0,0.6252255833333333,0.6239414999999999,0.670267,0.6252255833333333,0.6239414999999999,0.670267,259.0,169.0,122.0,155.0
李郢,李郢,大样本,71,529,True,True,10,18.90359168241966,10,14.084507042253522,0,0.0,0,0.0,0,0.0,0,0.0,0,0.0,0,0.0,0.0,0.0,0.0,0.0,0.6163241,0.608833,0.729261,0.6163241,0.608833,0.729261,259.0,169.0,122.0,155.0
